{"inputUnits":[42],"outputUnits":2,"inputs":{"0":{"dtype":"number","min":113.57636335883961,"max":287.4438766419572},"1":{"dtype":"number","min":308.2522180996695,"max":372.7906124551081},"2":{"dtype":"number","min":181.82532303264375,"max":328.43129315264594},"3":{"dtype":"number","min":291.02798475708323,"max":356.85734259808163},"4":{"dtype":"number","min":176.55397864617078,"max":358.35189751149284},"5":{"dtype":"number","min":248.50025508653837,"max":323.9589975532653},"6":{"dtype":"number","min":160.96295426840152,"max":387.11042762540114},"7":{"dtype":"number","min":213.72918331895676,"max":304.55885126131074},"8":{"dtype":"number","min":140.21179565545071,"max":416.08363472946394},"9":{"dtype":"number","min":190.98472984271024,"max":285.4556756025679},"10":{"dtype":"number","min":132.13957498208202,"max":328.65532400234963},"11":{"dtype":"number","min":210.5103448996276,"max":269.0199906571624},"12":{"dtype":"number","min":117.74147093151316,"max":341.72840523970825},"13":{"dtype":"number","min":169.9049464827414,"max":242.46280725856224},"14":{"dtype":"number","min":117.91296466107596,"max":349.53752182811417},"15":{"dtype":"number","min":139.76938819283248,"max":236.56556232932041},"16":{"dtype":"number","min":120.41119216968468,"max":356.2607195204773},"17":{"dtype":"number","min":115.85014805070858,"max":248.78921054985824},"18":{"dtype":"number","min":116.630734627744,"max":304.07972327522236},"19":{"dtype":"number","min":211.28480646835195,"max":256.92367538986235},"20":{"dtype":"number","min":107.97817377060723,"max":332.7158124402242},"21":{"dtype":"number","min":162.58344944323738,"max":253.82360939460628},"22":{"dtype":"number","min":133.84199380893864,"max":339.4077296987985},"23":{"dtype":"number","min":128.5928872291167,"max":276.3604184786848},"24":{"dtype":"number","min":149.830590700347,"max":348.7999308510711},"25":{"dtype":"number","min":100.93626174145862,"max":293.58241135494137},"26":{"dtype":"number","min":104.97799539038604,"max":282.63460522050434},"27":{"dtype":"number","min":214.3231255281225,"max":262.8029255114023},"28":{"dtype":"number","min":98.4750038637056,"max":322.15963770725705},"29":{"dtype":"number","min":173.62255292149308,"max":261.87203170523424},"30":{"dtype":"number","min":130.01079756921519,"max":322.62890432279175},"31":{"dtype":"number","min":140.6119686601326,"max":295.3804212746991},"32":{"dtype":"number","min":146.00020564347508,"max":329.6816715284732},"33":{"dtype":"number","min":113.52351985542262,"max":307.34520463936803},"34":{"dtype":"number","min":94.76909266930302,"max":273.21305895131917},"35":{"dtype":"number","min":224.57146808464412,"max":280.3625373922337},"36":{"dtype":"number","min":95.18089968255016,"max":305.37047114630343},"37":{"dtype":"number","min":200.01179197449474,"max":272.10903694039604},"38":{"dtype":"number","min":119.94457871304128,"max":306.78807925836367},"39":{"dtype":"number","min":177.70856148493687,"max":298.44110844429787},"40":{"dtype":"number","min":133.91497662146202,"max":306.60145835621495},"41":{"dtype":"number","min":155.28735156865093,"max":305.1442416284365}},"outputs":{"0":{"dtype":"string","min":0,"max":1,"uniqueValues":["y","x"],"legend":{"y":[1,0],"x":[0,1]}}},"isNormalized":true}