{"inputUnits":[42],"outputUnits":4,"inputs":{"0":{"dtype":"number","min":0,"max":323.5804788028146},"1":{"dtype":"number","min":0,"max":410.2638874754481},"2":{"dtype":"number","min":0,"max":324.1424103027614},"3":{"dtype":"number","min":0,"max":385.62285853829894},"4":{"dtype":"number","min":0,"max":341.31294794289437},"5":{"dtype":"number","min":0,"max":345.4520587310721},"6":{"dtype":"number","min":0,"max":350.809484621298},"7":{"dtype":"number","min":0,"max":326.34170951762354},"8":{"dtype":"number","min":0,"max":367.79754021091935},"9":{"dtype":"number","min":0,"max":317.30564252796955},"10":{"dtype":"number","min":0,"max":414.8288755487754},"11":{"dtype":"number","min":0,"max":293.6707264969099},"12":{"dtype":"number","min":0,"max":439.054969373236},"13":{"dtype":"number","min":0,"max":296.13537085452833},"14":{"dtype":"number","min":0,"max":439.6494051528411},"15":{"dtype":"number","min":0,"max":306.1064793014478},"16":{"dtype":"number","min":0,"max":440.5098306248093},"17":{"dtype":"number","min":0,"max":307.86111649158744},"18":{"dtype":"number","min":0,"max":429.1350505183659},"19":{"dtype":"number","min":0,"max":330.4241703697312},"20":{"dtype":"number","min":0,"max":428.3737445421857},"21":{"dtype":"number","min":0,"max":351.1971475875615},"22":{"dtype":"number","min":0,"max":414.84032333736695},"23":{"dtype":"number","min":0,"max":354.4507736865214},"24":{"dtype":"number","min":0,"max":410.6871078707285},"25":{"dtype":"number","min":0,"max":349.16454233294655},"26":{"dtype":"number","min":0,"max":430.54768464068104},"27":{"dtype":"number","min":0,"max":365.89058564877575},"28":{"dtype":"number","min":0,"max":424.24056123623757},"29":{"dtype":"number","min":0,"max":386.2341791771397},"30":{"dtype":"number","min":0,"max":410.029204804179},"31":{"dtype":"number","min":0,"max":388.48806675561184},"32":{"dtype":"number","min":0,"max":406.1517042876233},"33":{"dtype":"number","min":0,"max":381.7302057567415},"34":{"dtype":"number","min":0,"max":427.43102827696146},"35":{"dtype":"number","min":0,"max":400.2972879529756},"36":{"dtype":"number","min":0,"max":419.60705077060265},"37":{"dtype":"number","min":0,"max":406.9786326809774},"38":{"dtype":"number","min":0,"max":400.2484649413857},"39":{"dtype":"number","min":0,"max":413.95375614928844},"40":{"dtype":"number","min":0,"max":393.80397442938556},"41":{"dtype":"number","min":0,"max":416.4380552886664}},"outputs":{"0":{"dtype":"string","min":0,"max":1,"uniqueValues":["3","2","1","0"],"legend":{"0":[0,0,0,1],"1":[0,0,1,0],"2":[0,1,0,0],"3":[1,0,0,0]}}},"isNormalized":true}